Protocollo;Gruppo;DataOraIncidente;Localizzazione1;STRADA1;Localizzazione2;STRADA2;Strada02;Chilometrica;DaSpecificare;NaturaIncidente;particolaritastrade;TipoStrada;FondoStradale;Pavimentazione;Segnaletica;CondizioneAtmosferica;Traffico;Visibilita;Illuminazione;NUM_FERITI;NUM_RISERVATA;NUM_MORTI;NUM_ILLESI;Longitudine;Latitudine;Confermato;Progressivo;TipoVeicolo;StatoVeicolo;TipoPersona;Sesso;Tipolesione;Deceduto;DecedutoDopo;CinturaCascoUtilizzato;Airbag
1895475;9;02/12/2011 11:30;Strada Urbana;VIA ROCCA DI PAPA;all'intersezione con;LARGO FALVATERRA;LARGO FALVATERRA;;;Scontro frontale/laterale SX fra veicoli in marcia;Incrocio;Una carreggiata a doppio senso;Asciutto;Asfaltata;Verticale ed orizzontale;Nuvoloso;Normale;Buona;Ore Diurne;1;0;0;1;;;-1;2;Autovettura privata;In marcia / fermata / arresto;Conducente;F;Rimandato;0;NON DECEDUTO;Non accertato;Inesistente
1895476;1;02/12/2011 21:56;Strada Urbana;PORTA S. GIOVANNI;all'intersezione semaforizzata con;VIALE CARLO FELICE;VIALE CARLO FELICE;;;Scontro laterale fra veicoli in marcia;Intersezione semaforizzata;Una carreggiata a doppio senso;Asciutto;Asfaltata;Verticale ed orizzontale;Nuvoloso;Normale;Sufficiente;Sufficiente;0;0;0;3;;;-1;1;Autocarro inferiore 35 q.;In marcia / fermata / arresto;Conducente;M;Illeso;0;;Non accertato;Inesistente
1895476;1;02/12/2011 21:56;Strada Urbana;PORTA S. GIOVANNI;all'intersezione semaforizzata con;VIALE CARLO FELICE;VIALE CARLO FELICE;;;Scontro laterale fra veicoli in marcia;Intersezione semaforizzata;Una carreggiata a doppio senso;Asciutto;Asfaltata;Verticale ed orizzontale;Nuvoloso;Normale;Sufficiente;Sufficiente;0;0;0;3;;;-1;1;Autocarro inferiore 35 q.;In marcia / fermata / arresto;Passeggero;;Illeso;0;;Non accertato;Inesploso
1895476;1;02/12/2011 21:56;Strada Urbana;PORTA S. GIOVANNI;all'intersezione semaforizzata con;VIALE CARLO FELICE;VIALE CARLO FELICE;;;Scontro laterale fra veicoli in marcia;Intersezione semaforizzata;Una carreggiata a doppio senso;Asciutto;Asfaltata;Verticale ed orizzontale;Nuvoloso;Normale;Sufficiente;Sufficiente;0;0;0;3;;;-1;2;Autovettura privata;In marcia / fermata / arresto;Conducente;M;Illeso;0;;Non accertato;Inesistente
1895477;1;02/12/2011 21:30;Strada Urbana;PIAZZA VENEZIA;da specificare;;;;prossimita dei Fori Imperiali ;Investimento di pedone;Curva a visuale libera;Una carreggiata a doppio senso;Asciutto;In cubetti di porfido;Verticale ed orizzontale;Sereno;Normale;Sufficiente;Sufficiente;1;0;0;1;;;-1;;;;Pedone;M;Ricoverato;0;NON DECEDUTO;;
1895477;1;02/12/2011 21:30;Strada Urbana;PIAZZA VENEZIA;da specificare;;;;prossimita dei Fori Imperiali ;Investimento di pedone;Curva a visuale libera;Una carreggiata a doppio senso;Asciutto;In cubetti di porfido;Verticale ed orizzontale;Sereno;Normale;Sufficiente;Sufficiente;1;0;0;1;;;-1;1;Autovettura privata;In marcia / fermata / arresto;Conducente;M;Illeso;0;;Utilizzato;Inesistente
1895478;9;02/12/2011 23:45;Strada Urbana;PIAZZA TUSCOLO;all'intersezione con;VIA ELVIA RECINA;VIA ELVIA RECINA;;;Tamponamento;Incrocio;Una carreggiata a doppio senso;Asciutto;Asfaltata;Verticale ed orizzontale;Nuvoloso;Scarso;Sufficiente;Sufficiente;1;0;0;1;;;-1;1;Autovettura privata;In marcia / fermata / arresto;Conducente;M;Rimandato;0;NON DECEDUTO;Non accertato;Inesistente
1895478;9;02/12/2011 23:45;Strada Urbana;PIAZZA TUSCOLO;all'intersezione con;VIA ELVIA RECINA;VIA ELVIA RECINA;;;Tamponamento;Incrocio;Una carreggiata a doppio senso;Asciutto;Asfaltata;Verticale ed orizzontale;Nuvoloso;Scarso;Sufficiente;Sufficiente;1;0;0;1;;;-1;2;Autovettura privata;In marcia / fermata / arresto;Conducente;F;Illeso;0;;Non accertato;Inesistente
1895480;1;01/12/2011 14:45;Strada Urbana;VIALE CARLO FELICE;in corrispondenza;;del civico n. ;5;;Investimento di pedone;Rettilineo;Più di due carreggiate;Asciutto;Asfaltata;Verticale ed orizzontale;Sereno;Normale;Buona;Ore Diurne;2;0;0;0;;;-1;;;;Pedone;M;Rimandato;0;NON DECEDUTO;;
1895480;1;01/12/2011 14:45;Strada Urbana;VIALE CARLO FELICE;in corrispondenza;;del civico n. ;5;;Investimento di pedone;Rettilineo;Più di due carreggiate;Asciutto;Asfaltata;Verticale ed orizzontale;Sereno;Normale;Buona;Ore Diurne;2;0;0;0;;;-1;1;Motociclo a solo;In marcia / fermata / arresto;Conducente;M;Ricoverato;0;NON DECEDUTO;Utilizzato;Inesistente
1895481;20;02/12/2011 10:15;Strada Urbana;PIAZZA LAURO DE BOSIS;in corrispondenza;;del civico n. ;2;;Scontro frontale/laterale SX fra veicoli in marcia;Rettilineo;Due carreggiate;Bagnato (umidità in atto);Asfaltata;Verticale ed orizzontale;Nuvoloso;Normale;Buona;Ore Diurne;1;0;0;1;;;-1;1;Motociclo a solo;In marcia / fermata / arresto;Conducente;M;Rifiuta cure immediate;0;NON DECEDUTO;Non accertato;Inesistente
1895481;20;02/12/2011 10:15;Strada Urbana;PIAZZA LAURO DE BOSIS;in corrispondenza;;del civico n. ;2;;Scontro frontale/laterale SX fra veicoli in marcia;Rettilineo;Due carreggiate;Bagnato (umidità in atto);Asfaltata;Verticale ed orizzontale;Nuvoloso;Normale;Buona;Ore Diurne;1;0;0;1;;;-1;2;Autovettura privata;In marcia / fermata / arresto;Conducente;M;Illeso;0;;Non accertato;Inesploso
1895482;20;02/12/2011 16:45;Strada Urbana;VIA FLAMINIA NUOVA;all'intersezione semaforizzata con;VIA CASSIA NUOVA;VIA CASSIA NUOVA;;;Scontro laterale fra veicoli in marcia;Intersezione semaforizzata;Due carreggiate;Asciutto;Asfaltata;Verticale ed orizzontale;Sereno;Intenso;Buona;Sufficiente;0;0;0;2;;;-1;1;Autovettura privata;In marcia / fermata / arresto;Conducente;F;Illeso;0;;Non accertato;Inesploso
1895482;20;02/12/2011 16:45;Strada Urbana;VIA FLAMINIA NUOVA;all'intersezione semaforizzata con;VIA CASSIA NUOVA;VIA CASSIA NUOVA;;;Scontro laterale fra veicoli in marcia;Intersezione semaforizzata;Due carreggiate;Asciutto;Asfaltata;Verticale ed orizzontale;Sereno;Intenso;Buona;Sufficiente;0;0;0;2;;;-1;2;Autocarro inferiore 35 q.;In marcia / fermata / arresto;Conducente;M;Illeso;0;;Non accertato;Inesploso
1895483;20;02/12/2011 17:30;Strada Urbana;PIAZZALE DI PONTE MILVIO;in corrispondenza;;del civico n. ;43;;Scontro laterale fra veicoli in marcia;Rettilineo;Una carreggiata a senso unico di marcia;Asciutto;Asfaltata;Verticale ed orizzontale;Sereno;Intenso;Buona;Sufficiente;0;0;0;2;;;-1;1;Autovettura privata;In marcia / fermata / arresto;Conducente;M;Illeso;0;;Non accertato;Inesploso
1895483;20;02/12/2011 17:30;Strada Urbana;PIAZZALE DI PONTE MILVIO;in corrispondenza;;del civico n. ;43;;Scontro laterale fra veicoli in marcia;Rettilineo;Una carreggiata a senso unico di marcia;Asciutto;Asfaltata;Verticale ed orizzontale;Sereno;Intenso;Buona;Sufficiente;0;0;0;2;;;-1;2;Autovettura privata;In marcia / fermata / arresto;Conducente;M;Illeso;0;;Non accertato;Inesistente
1895484;1;01/12/2011 21:00;Strada Urbana;LUNGOTEVERE DEI SANGALLO;in corrispondenza;;del palo luce n. ;15;;Scontro laterale fra veicoli in marcia;Rettilineo;Una carreggiata a senso unico di marcia;Asciutto;Asfaltata;Assente;Sereno;Scarso;Buona;Sufficiente;0;0;0;3;;;-1;1;Autovettura di polizia;In marcia / fermata / arresto;Conducente;M;Illeso;0;;Non accertato;Inesistente
1895484;1;01/12/2011 21:00;Strada Urbana;LUNGOTEVERE DEI SANGALLO;in corrispondenza;;del palo luce n. ;15;;Scontro laterale fra veicoli in marcia;Rettilineo;Una carreggiata a senso unico di marcia;Asciutto;Asfaltata;Assente;Sereno;Scarso;Buona;Sufficiente;0;0;0;3;;;-1;1;Autovettura di polizia;In marcia / fermata / arresto;Passeggero;M;Illeso;0;;Non accertato;Inesistente
1895484;1;01/12/2011 21:00;Strada Urbana;LUNGOTEVERE DEI SANGALLO;in corrispondenza;;del palo luce n. ;15;;Scontro laterale fra veicoli in marcia;Rettilineo;Una carreggiata a senso unico di marcia;Asciutto;Asfaltata;Assente;Sereno;Scarso;Buona;Sufficiente;0;0;0;3;;;-1;2;Autovettura privata;In marcia / fermata / arresto;Conducente;M;Illeso;0;;Non accertato;Inesistente
1895485;1;01/12/2011 07:50;Strada Urbana;PIAZZA DI PORTA CAPENA;all'intersezione semaforizzata con;PIAZZA DI PORTA CAPENA;PIAZZA DI PORTA CAPENA;;;Scontro laterale fra veicoli in marcia;Intersezione semaforizzata;Più di due carreggiate;Asciutto;Asfaltata;Verticale ed orizzontale;Sereno;Normale;Buona;Ore Diurne;0;0;0;3;;;-1;1;Autocarro inferiore 35 q.;In marcia / fermata / arresto;Conducente;M;Illeso;0;;Non accertato;Inesistente
1895485;1;01/12/2011 07:50;Strada Urbana;PIAZZA DI PORTA CAPENA;all'intersezione semaforizzata con;PIAZZA DI PORTA CAPENA;PIAZZA DI PORTA CAPENA;;;Scontro laterale fra veicoli in marcia;Intersezione semaforizzata;Più di due carreggiate;Asciutto;Asfaltata;Verticale ed orizzontale;Sereno;Normale;Buona;Ore Diurne;0;0;0;3;;;-1;2;Autovettura privata;In marcia / fermata / arresto;Conducente;M;Illeso;0;;Non accertato;Inesistente
1895485;1;01/12/2011 07:50;Strada Urbana;PIAZZA DI PORTA CAPENA;all'intersezione semaforizzata con;PIAZZA DI PORTA CAPENA;PIAZZA DI PORTA CAPENA;;;Scontro laterale fra veicoli in marcia;Intersezione semaforizzata;Più di due carreggiate;Asciutto;Asfaltata;Verticale ed orizzontale;Sereno;Normale;Buona;Ore Diurne;0;0;0;3;;;-1;2;Autovettura privata;In marcia / fermata / arresto;Passeggero;M;Illeso;0;;Non accertato;Inesistente
1895486;1;02/12/2011 12:25;Strada Urbana;VIA AURORA;all'intersezione con;VIA LOMBARDIA;VIA LOMBARDIA;;;Infortunio per sola frenata improvvisa;Incrocio;Una carreggiata a senso unico di marcia;Asciutto;Asfaltata;Verticale;Nuvoloso;Scarso;Buona;Ore Diurne;1;0;0;1;;;-1;1;Autovettura privata;In marcia / fermata / arresto;Conducente;M;Illeso;0;;Non accertato;Inesistente
1895486;1;02/12/2011 12:25;Strada Urbana;VIA AURORA;all'intersezione con;VIA LOMBARDIA;VIA LOMBARDIA;;;Infortunio per sola frenata improvvisa;Incrocio;Una carreggiata a senso unico di marcia;Asciutto;Asfaltata;Verticale;Nuvoloso;Scarso;Buona;Ore Diurne;1;0;0;1;;;-1;2;Motociclo a solo;In marcia / fermata / arresto;Conducente;M;Rifiuta cure immediate;0;NON DECEDUTO;Non accertato;
1895487;1;02/12/2011 02:20;Strada Urbana;LUNGOTEVERE RIPA;in prossimità;;del palo luce n. ;6;;Veicolo in marcia contro ostacolo accidentale;Curva a visuale libera;Una carreggiata a senso unico di marcia;Viscido da liquidi oleosi;Asfaltata;Verticale ed orizzontale;Sereno;Scarso;Sufficiente;Sufficiente;1;0;0;0;;;-1;1;Motociclo a solo;In marcia / fermata / arresto;Conducente;M;Rifiuta cure immediate;0;NON DECEDUTO;Non accertato;Inesistente
1895489;1;02/12/2011 12:00;Strada Urbana;VIA DANDOLO;in corrispondenza;;del civico n. ;6;;Tamponamento;Rettilineo;Una carreggiata a senso unico di marcia;Asciutto;Asfaltata;Assente;Nuvoloso;Scarso;Buona;Ore Diurne;2;0;0;0;;;-1;1;Autovettura privata;In marcia / fermata / arresto;Conducente;F;Rifiuta cure immediate;0;NON DECEDUTO;Non accertato;
1895489;1;02/12/2011 12:00;Strada Urbana;VIA DANDOLO;in corrispondenza;;del civico n. ;6;;Tamponamento;Rettilineo;Una carreggiata a senso unico di marcia;Asciutto;Asfaltata;Assente;Nuvoloso;Scarso;Buona;Ore Diurne;2;0;0;0;;;-1;2;Autovettura privata;In marcia / fermata / arresto;Conducente;F;Rimandato;0;NON DECEDUTO;Non accertato;
1895490;20;02/12/2011 11:35;Strada Urbana;VIA DEGLI ORTI DELLA FARNESINA;in prossimità;;del civico n. ;2;;Scontro frontale fra veicoli in marcia;Rettilineo;Una carreggiata a doppio senso;Asciutto;Asfaltata;Verticale ed orizzontale;Nuvoloso;Normale;Sufficiente;Ore Diurne;0;0;0;2;;;-1;1;Autovettura privata;In marcia / fermata / arresto;Conducente;F;Illeso;0;;Non accertato;Inesistente
1895490;20;02/12/2011 11:35;Strada Urbana;VIA DEGLI ORTI DELLA FARNESINA;in prossimità;;del civico n. ;2;;Scontro frontale fra veicoli in marcia;Rettilineo;Una carreggiata a doppio senso;Asciutto;Asfaltata;Verticale ed orizzontale;Nuvoloso;Normale;Sufficiente;Ore Diurne;0;0;0;2;;;-1;2;Autocarro inferiore 35 q.;In marcia / fermata / arresto;Conducente;M;Illeso;0;;Non accertato;Inesistente
1895491;1;01/12/2011 20:30;Strada Urbana;VIA DELLE TERME DI TRAIANO;in prossimità;;del civico n. ;4;;Veicolo in marcia contro ostacolo accidentale;Rettilineo;Una carreggiata a doppio senso;Bagnato (umidità in atto);Asfaltata;Verticale ed orizzontale;Sereno;Normale;Sufficiente;Sufficiente;1;0;0;0;;;-1;1;Motociclo a solo;In marcia / fermata / arresto;Conducente;M;Rifiuta cure immediate;0;NON DECEDUTO;Non accertato;Inesistente
1895493;20;02/12/2011 13:15;Strada Urbana;VIA VITORCHIANO;in corrispondenza;;del civico n. ;81;;Veicolo in marcia contro veicolo in sosta;Rettilineo;Una carreggiata a doppio senso;Asciutto;Asfaltata;Verticale ed orizzontale;Sereno;Scarso;Buona;Ore Diurne;0;0;0;1;;;-1;2;Autocarro superiore 35 q.;In marcia / fermata / arresto;Conducente;M;Illeso;0;;Non accertato;Inesistente
1895494;1;02/12/2011 02:20;Strada Urbana;LUNGOTEVERE RIPA;in prossimità;;del palo luce n. ;7;;Veicolo in marcia contro veicolo in sosta;Curva a visuale libera;Una carreggiata a senso unico di marcia;Viscido da liquidi oleosi;Asfaltata;Verticale ed orizzontale;Sereno;Scarso;Sufficiente;Sufficiente;1;0;0;0;;;-1;1;Motociclo a solo;In marcia / fermata / arresto;Conducente;M;Rifiuta cure immediate;0;NON DECEDUTO;Non accertato;Inesistente
1895495;20;02/12/2011 14:00;Strada Urbana;VIA RIANO;in prossimità;;del civico n. ;16;;Veicolo in marcia contro veicolo in sosta;Rettilineo;Una carreggiata a doppio senso;Asciutto;Asfaltata;Verticale ed orizzontale;Nuvoloso;Normale;Buona;Ore Diurne;2;0;0;1;;;-1;1;Autovettura privata;Sosta;Passeggero;F;Illeso;0;;Non accertato;Inesistente
1895495;20;02/12/2011 14:00;Strada Urbana;VIA RIANO;in prossimità;;del civico n. ;16;;Veicolo in marcia contro veicolo in sosta;Rettilineo;Una carreggiata a doppio senso;Asciutto;Asfaltata;Verticale ed orizzontale;Nuvoloso;Normale;Buona;Ore Diurne;2;0;0;1;;;-1;2;Motociclo con passeggero;In marcia / fermata / arresto;Conducente;F;Rimandato;0;NON DECEDUTO;Utilizzato;Inesistente
1895495;20;02/12/2011 14:00;Strada Urbana;VIA RIANO;in prossimità;;del civico n. ;16;;Veicolo in marcia contro veicolo in sosta;Rettilineo;Una carreggiata a doppio senso;Asciutto;Asfaltata;Verticale ed orizzontale;Nuvoloso;Normale;Buona;Ore Diurne;2;0;0;1;;;-1;2;Motociclo con passeggero;In marcia / fermata / arresto;Passeggero;F;Rimandato;0;NON DECEDUTO;Utilizzato;Inesistente
1895496;1;03/12/2011 01:46;Strada Urbana;PIAZZA ALBANIA;in prossimità;;del civico n. ;35;;Infortunio per sola frenata improvvisa;Rettilineo;Una carreggiata a senso unico di marcia;Bagnato (umidità in atto);Acciotolata;Orizzontale;Nuvoloso;Scarso;Sufficiente;Sufficiente;0;0;0;3;;;-1;1;Autovettura privata;In marcia / fermata / arresto;Conducente;M;Illeso;0;;Utilizzato;Inesploso
1895496;1;03/12/2011 01:46;Strada Urbana;PIAZZA ALBANIA;in prossimità;;del civico n. ;35;;Infortunio per sola frenata improvvisa;Rettilineo;Una carreggiata a senso unico di marcia;Bagnato (umidità in atto);Acciotolata;Orizzontale;Nuvoloso;Scarso;Sufficiente;Sufficiente;0;0;0;3;;;-1;1;Autovettura privata;In marcia / fermata / arresto;Passeggero;;Illeso;0;;Utilizzato;
1895496;1;03/12/2011 01:46;Strada Urbana;PIAZZA ALBANIA;in prossimità;;del civico n. ;35;;Infortunio per sola frenata improvvisa;Rettilineo;Una carreggiata a senso unico di marcia;Bagnato (umidità in atto);Acciotolata;Orizzontale;Nuvoloso;Scarso;Sufficiente;Sufficiente;0;0;0;3;;;-1;2;Motociclo a solo;In marcia / fermata / arresto;Conducente;M;Illeso;0;;Utilizzato;Inesistente
1895497;19;03/12/2011 08:55;Strada Urbana;VIA FRANCESCO MARCONI;all'intersezione con;VIA EMMA CARELLI;VIA EMMA CARELLI;;;Scontro frontale/laterale SX fra veicoli in marcia;Intersezione stradale segnalata;Una carreggiata a doppio senso;Asciutto;Asfaltata;Verticale ed orizzontale;Sereno;Normale;Buona;Ore Diurne;0;0;0;2;;;-1;1;Motociclo a solo;In marcia / fermata / arresto;Conducente;M;Illeso;0;;Non accertato;Inesistente
1895497;19;03/12/2011 08:55;Strada Urbana;VIA FRANCESCO MARCONI;all'intersezione con;VIA EMMA CARELLI;VIA EMMA CARELLI;;;Scontro frontale/laterale SX fra veicoli in marcia;Intersezione stradale segnalata;Una carreggiata a doppio senso;Asciutto;Asfaltata;Verticale ed orizzontale;Sereno;Normale;Buona;Ore Diurne;0;0;0;2;;;-1;2;Autovettura privata;In marcia / fermata / arresto;Conducente;M;Illeso;0;;Non accertato;Inesistente
1895498;12;02/12/2011 08:40;Strada Urbana;VIADOTTO DELLA MAGLIANA;da specificare;;;;altezza via del Cappellaccio;Ribaltamento senza urto contro ostacolo fisso;Curva senza visuale libera;Due carreggiate;Bagnato (pioggia);Asfaltata;Verticale ed orizzontale;Pioggia in atto;Normale;Buona;Ore Diurne;1;0;0;0;;;-1;1;Ciclomotore;In marcia / fermata / arresto;Conducente;F;Rimandato;0;NON DECEDUTO;Utilizzato;Inesistente
1895499;20;03/12/2011 05:45;Regionale entro l'abitato;VIA CASSIA;in corrispondenza;;del civico n. ;654;;Scontro frontale fra veicoli in marcia;Rettilineo;Una carreggiata a doppio senso;Asciutto;Asfaltata;Verticale ed orizzontale;Nuvoloso;Scarso;Sufficiente;Sufficiente;0;1;0;1;;;-1;1;Autovettura privata;In marcia / fermata / arresto;Conducente;F;Prognosi riservata;0;NON DECEDUTO;Utilizzato;Esploso
1895499;20;03/12/2011 05:45;Regionale entro l'abitato;VIA CASSIA;in corrispondenza;;del civico n. ;654;;Scontro frontale fra veicoli in marcia;Rettilineo;Una carreggiata a doppio senso;Asciutto;Asfaltata;Verticale ed orizzontale;Nuvoloso;Scarso;Sufficiente;Sufficiente;0;1;0;1;;;-1;2;Autocarro superiore 35 q.;In marcia / fermata / arresto;Conducente;M;Illeso;0;;Utilizzato;Inesploso
1895500;7;03/12/2011 19:20;Strada Urbana;VIA VIRGILIO GUIDI;in corrispondenza;;del palo luce n. ;8;;Scontro frontale/laterale DX fra veicoli in marcia;Curva senza visuale libera;Una carreggiata a doppio senso;Asciutto;Asfaltata;Orizzontale;Sereno;Intenso;Buona;Sufficiente;2;0;0;1;;;-1;1;Motociclo a solo;In marcia / fermata / arresto;Conducente;M;Rimandato;0;NON DECEDUTO;Utilizzato;Inesistente
1895500;7;03/12/2011 19:20;Strada Urbana;VIA VIRGILIO GUIDI;in corrispondenza;;del palo luce n. ;8;;Scontro frontale/laterale DX fra veicoli in marcia;Curva senza visuale libera;Una carreggiata a doppio senso;Asciutto;Asfaltata;Orizzontale;Sereno;Intenso;Buona;Sufficiente;2;0;0;1;;;-1;1;Motociclo a solo;In marcia / fermata / arresto;Passeggero;F;Rimandato;0;NON DECEDUTO;Utilizzato;Inesistente
1895500;7;03/12/2011 19:20;Strada Urbana;VIA VIRGILIO GUIDI;in corrispondenza;;del palo luce n. ;8;;Scontro frontale/laterale DX fra veicoli in marcia;Curva senza visuale libera;Una carreggiata a doppio senso;Asciutto;Asfaltata;Orizzontale;Sereno;Intenso;Buona;Sufficiente;2;0;0;1;;;-1;2;Autovettura privata;In marcia / fermata / arresto;Conducente;M;Illeso;0;;Esente;Inesploso
1895501;6;03/12/2011 23:30;Strada Urbana;VIA DI ACQUA BULLICANTE;all'intersezione semaforizzata con;VIA AVERSA;VIA AVERSA;;;Investimento di pedone;Intersezione semaforizzata;Una carreggiata a doppio senso;Bagnato (pioggia);Asfaltata;Verticale ed orizzontale;Nuvoloso;Scarso;Buona;Sufficiente;1;0;0;0;;;-1;;;;Pedone;M;Ricoverato;0;NON DECEDUTO;;
1895502;6;03/12/2011 12:30;Strada Urbana;VIA DEI LENTULI;in corrispondenza;;del civico n. ;40;;Scontro laterale fra veicoli in marcia;Rettilineo;Una carreggiata a doppio senso;Asciutto;Asfaltata;Assente;Nuvoloso;Normale;Buona;Ore Diurne;0;0;0;2;;;-1;1;Autovettura privata;In marcia / fermata / arresto;Conducente;F;Illeso;0;;Non accertato;Inesistente
1895502;6;03/12/2011 12:30;Strada Urbana;VIA DEI LENTULI;in corrispondenza;;del civico n. ;40;;Scontro laterale fra veicoli in marcia;Rettilineo;Una carreggiata a doppio senso;Asciutto;Asfaltata;Assente;Nuvoloso;Normale;Buona;Ore Diurne;0;0;0;2;;;-1;2;Autovettura privata;In marcia / fermata / arresto;Conducente;M;Illeso;0;;Non accertato;Inesistente
1895503;9;03/12/2011 13:35;Strada Urbana;PIAZZA LODI;da specificare;;;;ALT. EDICOLA;Scontro laterale fra veicoli in marcia;Rotatoria;Una carreggiata a senso unico di marcia;Bagnato (umidità in atto);Asfaltata;Verticale ed orizzontale;Nuvoloso;Scarso;Buona;Ore Diurne;0;0;0;3;;;-1;1;Autovettura privata;In marcia / fermata / arresto;Conducente;M;Illeso;0;;Non accertato;Inesistente
1895503;9;03/12/2011 13:35;Strada Urbana;PIAZZA LODI;da specificare;;;;ALT. EDICOLA;Scontro laterale fra veicoli in marcia;Rotatoria;Una carreggiata a senso unico di marcia;Bagnato (umidità in atto);Asfaltata;Verticale ed orizzontale;Nuvoloso;Scarso;Buona;Ore Diurne;0;0;0;3;;;-1;1;Autovettura privata;In marcia / fermata / arresto;Passeggero;F;Illeso;0;;Non accertato;Inesistente
1895503;9;03/12/2011 13:35;Strada Urbana;PIAZZA LODI;da specificare;;;;ALT. EDICOLA;Scontro laterale fra veicoli in marcia;Rotatoria;Una carreggiata a senso unico di marcia;Bagnato (umidità in atto);Asfaltata;Verticale ed orizzontale;Nuvoloso;Scarso;Buona;Ore Diurne;0;0;0;3;;;-1;2;Autovettura privata;In marcia / fermata / arresto;Conducente;M;Illeso;0;;Non accertato;Inesistente
1895504;9;03/12/2011 20:30;Strada Urbana;PIAZZA DI PONTE LUNGO;da specificare;;;;FR. CIV. 28;Scontro laterale fra veicoli in marcia;Rettilineo;Una carreggiata a senso unico di marcia;Asciutto;Asfaltata;Verticale ed orizzontale;Sereno;Intenso;Buona;Sufficiente;0;0;0;3;;;-1;1;Autovettura privata;In marcia / fermata / arresto;Conducente;M;Illeso;0;;Non accertato;Inesistente
1895504;9;03/12/2011 20:30;Strada Urbana;PIAZZA DI PONTE LUNGO;da specificare;;;;FR. CIV. 28;Scontro laterale fra veicoli in marcia;Rettilineo;Una carreggiata a senso unico di marcia;Asciutto;Asfaltata;Verticale ed orizzontale;Sereno;Intenso;Buona;Sufficiente;0;0;0;3;;;-1;1;Autovettura privata;In marcia / fermata / arresto;Passeggero;F;Illeso;0;;Non accertato;Inesistente
1895504;9;03/12/2011 20:30;Strada Urbana;PIAZZA DI PONTE LUNGO;da specificare;;;;FR. CIV. 28;Scontro laterale fra veicoli in marcia;Rettilineo;Una carreggiata a senso unico di marcia;Asciutto;Asfaltata;Verticale ed orizzontale;Sereno;Intenso;Buona;Sufficiente;0;0;0;3;;;-1;2;Autobus turistico;In marcia / fermata / arresto;Conducente;M;Illeso;0;;Non accertato;Inesistente
1895505;9;03/12/2011 21:40;Strada Urbana;PIAZZA DI PONTE LUNGO;all'intersezione con;VIA ALBENGA;VIA ALBENGA;;;Infortunio per sola frenata improvvisa;Incrocio;Una carreggiata a senso unico di marcia;Bagnato (pioggia);Asfaltata;Verticale ed orizzontale;Nuvoloso;Scarso;Buona;Sufficiente;2;0;0;2;;;-1;1;Motociclo con passeggero;In marcia / fermata / arresto;Conducente;M;Rimandato;0;NON DECEDUTO;Non accertato;Inesistente
1895505;9;03/12/2011 21:40;Strada Urbana;PIAZZA DI PONTE LUNGO;all'intersezione con;VIA ALBENGA;VIA ALBENGA;;;Infortunio per sola frenata improvvisa;Incrocio;Una carreggiata a senso unico di marcia;Bagnato (pioggia);Asfaltata;Verticale ed orizzontale;Nuvoloso;Scarso;Buona;Sufficiente;2;0;0;2;;;-1;1;Motociclo con passeggero;In marcia / fermata / arresto;Passeggero;F;Rimandato;0;NON DECEDUTO;Non accertato;Inesistente
1895505;9;03/12/2011 21:40;Strada Urbana;PIAZZA DI PONTE LUNGO;all'intersezione con;VIA ALBENGA;VIA ALBENGA;;;Infortunio per sola frenata improvvisa;Incrocio;Una carreggiata a senso unico di marcia;Bagnato (pioggia);Asfaltata;Verticale ed orizzontale;Nuvoloso;Scarso;Buona;Sufficiente;2;0;0;2;;;-1;2;Autovettura privata;In marcia / fermata / arresto;Conducente;F;Illeso;0;;Non accertato;Inesistente
1895505;9;03/12/2011 21:40;Strada Urbana;PIAZZA DI PONTE LUNGO;all'intersezione con;VIA ALBENGA;VIA ALBENGA;;;Infortunio per sola frenata improvvisa;Incrocio;Una carreggiata a senso unico di marcia;Bagnato (pioggia);Asfaltata;Verticale ed orizzontale;Nuvoloso;Scarso;Buona;Sufficiente;2;0;0;2;;;-1;2;Autovettura privata;In marcia / fermata / arresto;Passeggero;M;Illeso;0;;Non accertato;Inesistente
1895506;12;03/12/2011 23:55;Strada Urbana;VIA CRISTOFORO COLOMBO;all'intersezione con;VIA ERMANNO WOLF FERRARI;VIA ERMANNO WOLF FERRARI;;;Scontro frontale/laterale SX fra veicoli in marcia;Intersezione semaforizzata;Più di due carreggiate;Bagnato (pioggia);Asfaltata;Verticale ed orizzontale;Nuvoloso;Normale;Buona;Sufficiente;0;0;0;5;;;-1;1;Autovettura privata;In marcia / fermata / arresto;Conducente;F;Illeso;0;;Utilizzato;Inesistente
1895506;12;03/12/2011 23:55;Strada Urbana;VIA CRISTOFORO COLOMBO;all'intersezione con;VIA ERMANNO WOLF FERRARI;VIA ERMANNO WOLF FERRARI;;;Scontro frontale/laterale SX fra veicoli in marcia;Intersezione semaforizzata;Più di due carreggiate;Bagnato (pioggia);Asfaltata;Verticale ed orizzontale;Nuvoloso;Normale;Buona;Sufficiente;0;0;0;5;;;-1;1;Autovettura privata;In marcia / fermata / arresto;Passeggero;M;Illeso;0;;Utilizzato;Inesistente
1895506;12;03/12/2011 23:55;Strada Urbana;VIA CRISTOFORO COLOMBO;all'intersezione con;VIA ERMANNO WOLF FERRARI;VIA ERMANNO WOLF FERRARI;;;Scontro frontale/laterale SX fra veicoli in marcia;Intersezione semaforizzata;Più di due carreggiate;Bagnato (pioggia);Asfaltata;Verticale ed orizzontale;Nuvoloso;Normale;Buona;Sufficiente;0;0;0;5;;;-1;2;Autovettura privata;In marcia / fermata / arresto;Conducente;M;Illeso;0;;Utilizzato;Inesistente