Protocollo;Gruppo;DataOraIncidente;Localizzazione1;STRADA1;Localizzazione2;STRADA2;Strada02;Chilometrica;DaSpecificare;NaturaIncidente;particolaritastrade;TipoStrada;FondoStradale;Pavimentazione;Segnaletica;CondizioneAtmosferica;Traffico;Visibilita;Illuminazione;NUM_FERITI;NUM_RISERVATA;NUM_MORTI;NUM_ILLESI;Longitudine;Latitudine;Confermato;Progressivo;TipoVeicolo;StatoVeicolo;TipoPersona;Sesso;Tipolesione;Deceduto;DecedutoDopo;CinturaCascoUtilizzato;Airbag
1898017;16;23/12/2011 15:30;Strada Urbana;VIALE DEI COLLI PORTUENSI;in prossimità;;del civico n. ;315;;Tamponamento Multiplo;Rettilineo;Due carreggiate;Asciutto;Asfaltata;Verticale ed orizzontale;Sereno;Normale;Buona;Ore Diurne;0;0;0;4;;;-1;1;Autovettura privata;In marcia / fermata / arresto;Passeggero;M;Illeso;0;;Non accertato;Inesploso
1898017;16;23/12/2011 15:30;Strada Urbana;VIALE DEI COLLI PORTUENSI;in prossimità;;del civico n. ;315;;Tamponamento Multiplo;Rettilineo;Due carreggiate;Asciutto;Asfaltata;Verticale ed orizzontale;Sereno;Normale;Buona;Ore Diurne;0;0;0;4;;;-1;2;Motociclo a solo;In marcia / fermata / arresto;Conducente;M;Illeso;0;;Non accertato;
1898017;16;23/12/2011 15:30;Strada Urbana;VIALE DEI COLLI PORTUENSI;in prossimità;;del civico n. ;315;;Tamponamento Multiplo;Rettilineo;Due carreggiate;Asciutto;Asfaltata;Verticale ed orizzontale;Sereno;Normale;Buona;Ore Diurne;0;0;0;4;;;-1;3;Autovettura privata;In marcia / fermata / arresto;Conducente;M;Illeso;0;;Non accertato;Inesistente
1898019;12;24/12/2011 10:25;Strada Urbana;VIA ARDEATINA;all'intersezione con;VIA DELLA SOLFARATA;VIA DELLA SOLFARATA;;;Scontro frontale/laterale SX fra veicoli in marcia;Intersezione stradale segnalata;Una carreggiata a doppio senso;Asciutto;Asfaltata;Verticale ed orizzontale;Nuvoloso;Scarso;Buona;Ore Diurne;0;0;0;3;;;-1;1;Autovettura privata;In marcia / fermata / arresto;Conducente;M;Illeso;0;;Utilizzato;Inesistente
1898019;12;24/12/2011 10:25;Strada Urbana;VIA ARDEATINA;all'intersezione con;VIA DELLA SOLFARATA;VIA DELLA SOLFARATA;;;Scontro frontale/laterale SX fra veicoli in marcia;Intersezione stradale segnalata;Una carreggiata a doppio senso;Asciutto;Asfaltata;Verticale ed orizzontale;Nuvoloso;Scarso;Buona;Ore Diurne;0;0;0;3;;;-1;1;Autovettura privata;In marcia / fermata / arresto;Passeggero;M;Illeso;0;;Utilizzato;Inesistente
1898019;12;24/12/2011 10:25;Strada Urbana;VIA ARDEATINA;all'intersezione con;VIA DELLA SOLFARATA;VIA DELLA SOLFARATA;;;Scontro frontale/laterale SX fra veicoli in marcia;Intersezione stradale segnalata;Una carreggiata a doppio senso;Asciutto;Asfaltata;Verticale ed orizzontale;Nuvoloso;Scarso;Buona;Ore Diurne;0;0;0;3;;;-1;2;Autovettura privata;In marcia / fermata / arresto;Conducente;M;Illeso;0;;Utilizzato;Inesistente
1898020;12;24/12/2011 15:15;Strada Urbana;VIALE EGEO;all'intersezione con;VIA MONTE DEL FINOCCHIO;VIA MONTE DEL FINOCCHIO;;;Tamponamento;Incrocio;Una carreggiata a doppio senso;Bagnato (umidità in atto);Asfaltata;Verticale ed orizzontale;Nuvoloso;Normale;Buona;Ore Diurne;2;0;0;1;;;-1;1;Autovettura privata;In marcia / fermata / arresto;Conducente;M;Rimandato;0;NON DECEDUTO;Utilizzato;Inesistente
1898020;12;24/12/2011 15:15;Strada Urbana;VIALE EGEO;all'intersezione con;VIA MONTE DEL FINOCCHIO;VIA MONTE DEL FINOCCHIO;;;Tamponamento;Incrocio;Una carreggiata a doppio senso;Bagnato (umidità in atto);Asfaltata;Verticale ed orizzontale;Nuvoloso;Normale;Buona;Ore Diurne;2;0;0;1;;;-1;2;Autovettura privata;In marcia / fermata / arresto;Conducente;M;Rimandato;0;NON DECEDUTO;Utilizzato;Inesistente
1898020;12;24/12/2011 15:15;Strada Urbana;VIALE EGEO;all'intersezione con;VIA MONTE DEL FINOCCHIO;VIA MONTE DEL FINOCCHIO;;;Tamponamento;Incrocio;Una carreggiata a doppio senso;Bagnato (umidità in atto);Asfaltata;Verticale ed orizzontale;Nuvoloso;Normale;Buona;Ore Diurne;2;0;0;1;;;-1;3;Autovettura privata;In marcia / fermata / arresto;Conducente;M;Illeso;0;;Utilizzato;Inesistente
1898022;1;22/12/2011 17:55;Strada Urbana;PIAZZA DEL PARLAMENTO;in prossimità;;del civico n. ;2;;Veicolo in marcia contro veicoli in sosta;Rettilineo;Una carreggiata a doppio senso;Asciutto;Acciotolata;Verticale ed orizzontale;Sereno;Normale;Buona;Sufficiente;0;0;0;1;;;-1;1;Autocarro inferiore 35 q.;In marcia / fermata / arresto;Conducente;M;Illeso;0;;Non accertato;Inesploso
1898024;15;28/12/2011 13:00;Strada Urbana;VIA PORTUENSE;in prossimità;;del civico n. ;319;;Scontro laterale fra veicoli in marcia;Curva a visuale libera;Una carreggiata a doppio senso;Asciutto;Asfaltata;Orizzontale;Sereno;Normale;Buona;Ore Diurne;0;0;0;1;;;-1;1;Autocarro inferiore 35 q.;In marcia / fermata / arresto;Conducente;M;Illeso;0;;Utilizzato;Inesploso
1898026;12;28/12/2011 14:00;Strada Urbana;PIAZZA AZOLINO HAZON;all'intersezione con;VIA DOMENICO SANSOTTA;VIA DOMENICO SANSOTTA;;;Scontro laterale fra veicoli in marcia;Rotatoria;Una carreggiata a senso unico di marcia;Asciutto;Asfaltata;Verticale ed orizzontale;Sereno;Normale;Buona;Ore Diurne;0;0;0;2;;;-1;1;Autovettura privata;In marcia / fermata / arresto;Conducente;M;Illeso;0;;Utilizzato;Inesistente
1898026;12;28/12/2011 14:00;Strada Urbana;PIAZZA AZOLINO HAZON;all'intersezione con;VIA DOMENICO SANSOTTA;VIA DOMENICO SANSOTTA;;;Scontro laterale fra veicoli in marcia;Rotatoria;Una carreggiata a senso unico di marcia;Asciutto;Asfaltata;Verticale ed orizzontale;Sereno;Normale;Buona;Ore Diurne;0;0;0;2;;;-1;1;Autovettura privata;In marcia / fermata / arresto;Passeggero;M;Illeso;0;;Utilizzato;Inesistente
1898031;16;23/12/2011 18:00;Strada Urbana;VIA DEGLI ORTI DI CESARE;all'intersezione con;VIA PORTUENSE;VIA PORTUENSE;;;Scontro laterale fra veicoli in marcia;Incrocio;Più di due carreggiate;Asciutto;Asfaltata;Verticale;Sereno;Intenso;Sufficiente;Sufficiente;0;0;0;2;;;-1;1;Autovettura privata;In marcia / fermata / arresto;Conducente;M;Illeso;0;;Non accertato;Inesistente
1898031;16;23/12/2011 18:00;Strada Urbana;VIA DEGLI ORTI DI CESARE;all'intersezione con;VIA PORTUENSE;VIA PORTUENSE;;;Scontro laterale fra veicoli in marcia;Incrocio;Più di due carreggiate;Asciutto;Asfaltata;Verticale;Sereno;Intenso;Sufficiente;Sufficiente;0;0;0;2;;;-1;2;Motociclo a solo;In marcia / fermata / arresto;Conducente;F;Illeso;0;;Non accertato;Inesistente
1898032;10;28/12/2011 12:20;Strada Urbana;VIA TUSCOLANA;all'intersezione semaforizzata con;PIAZZA DI CINECITTA';PIAZZA DI CINECITTA';;;Scontro laterale fra veicoli in marcia;Intersezione semaforizzata;Due carreggiate;Asciutto;Asfaltata;Verticale ed orizzontale;Sereno;Normale;Buona;Ore Diurne;1;0;0;2;;;-1;1;Autovettura privata;In marcia / fermata / arresto;Conducente;F;Illeso;0;;Non accertato;Inesistente
1898032;10;28/12/2011 12:20;Strada Urbana;VIA TUSCOLANA;all'intersezione semaforizzata con;PIAZZA DI CINECITTA';PIAZZA DI CINECITTA';;;Scontro laterale fra veicoli in marcia;Intersezione semaforizzata;Due carreggiate;Asciutto;Asfaltata;Verticale ed orizzontale;Sereno;Normale;Buona;Ore Diurne;1;0;0;2;;;-1;2;Autovettura privata;In marcia / fermata / arresto;Conducente;M;Illeso;0;;Non accertato;Inesistente
1898032;10;28/12/2011 12:20;Strada Urbana;VIA TUSCOLANA;all'intersezione semaforizzata con;PIAZZA DI CINECITTA';PIAZZA DI CINECITTA';;;Scontro laterale fra veicoli in marcia;Intersezione semaforizzata;Due carreggiate;Asciutto;Asfaltata;Verticale ed orizzontale;Sereno;Normale;Buona;Ore Diurne;1;0;0;2;;;-1;2;Autovettura privata;In marcia / fermata / arresto;Passeggero;F;Rifiuta cure immediate;0;NON DECEDUTO;Non accertato;Inesistente
1898033;10;28/12/2011 13:40;Strada Urbana;VIA DEL FOSSO DI S. ANDREA;in prossimità;;del civico n. ;162;;Scontro laterale fra veicoli in marcia;Rettilineo;Una carreggiata a doppio senso;Asciutto;Asfaltata;Assente;Sereno;Normale;Buona;Ore Diurne;0;0;0;2;;;-1;1;Autovettura privata;In marcia / fermata / arresto;Conducente;M;Illeso;0;;Non accertato;Inesistente
1898033;10;28/12/2011 13:40;Strada Urbana;VIA DEL FOSSO DI S. ANDREA;in prossimità;;del civico n. ;162;;Scontro laterale fra veicoli in marcia;Rettilineo;Una carreggiata a doppio senso;Asciutto;Asfaltata;Assente;Sereno;Normale;Buona;Ore Diurne;0;0;0;2;;;-1;2;Autovettura privata;In marcia / fermata / arresto;Conducente;M;Illeso;0;;Non accertato;Inesistente
1898034;13;28/12/2011 09:50;Provinciale entro l'abitato;VIA DI MACCHIA PALOCCO;all'intersezione con;VIA GIUSEPPE MOLTENI;VIA GIUSEPPE MOLTENI;;;Scontro frontale/laterale DX fra veicoli in marcia;Incrocio;Una carreggiata a doppio senso;Asciutto;Asfaltata;Orizzontale;Sereno;Normale;Buona;Ore Diurne;0;0;0;2;;;-1;1;Autocarro inferiore 35 q.;In marcia / fermata / arresto;Conducente;M;Illeso;0;;Non accertato;Inesploso
1898034;13;28/12/2011 09:50;Provinciale entro l'abitato;VIA DI MACCHIA PALOCCO;all'intersezione con;VIA GIUSEPPE MOLTENI;VIA GIUSEPPE MOLTENI;;;Scontro frontale/laterale DX fra veicoli in marcia;Incrocio;Una carreggiata a doppio senso;Asciutto;Asfaltata;Orizzontale;Sereno;Normale;Buona;Ore Diurne;0;0;0;2;;;-1;2;Autovettura privata;In marcia / fermata / arresto;Conducente;M;Illeso;0;;Non accertato;Inesploso
1898036;13;28/12/2011 18:15;Strada Urbana;VIA DI ACILIA;in prossimità;;del civico n. ;290;;Veicolo in marcia contro ostacolo accidentale;Rettilineo;Una carreggiata a doppio senso;Asciutto;Asfaltata;Verticale ed orizzontale;Sereno;Normale;Buona;Ore Diurne;0;0;0;1;;;-1;1;Autovettura privata;In marcia / fermata / arresto;Conducente;M;Illeso;0;;Non accertato;Inesploso
1898037;16;24/12/2011 10:20;Strada Urbana;VIA DI S. PANCRAZIO;in prossimità;;del civico n. ;6;;Scontro laterale fra veicoli in marcia;Rettilineo;Una carreggiata a doppio senso;Asciutto;Asfaltata;Verticale ed orizzontale;Nuvoloso;Normale;Buona;Ore Diurne;1;0;0;1;;;-1;1;Autovettura privata;In marcia / fermata / arresto;Conducente;F;Illeso;0;;Non accertato;
1898037;16;24/12/2011 10:20;Strada Urbana;VIA DI S. PANCRAZIO;in prossimità;;del civico n. ;6;;Scontro laterale fra veicoli in marcia;Rettilineo;Una carreggiata a doppio senso;Asciutto;Asfaltata;Verticale ed orizzontale;Nuvoloso;Normale;Buona;Ore Diurne;1;0;0;1;;;-1;2;Motociclo con passeggero;In marcia / fermata / arresto;Conducente;M;Rimandato;0;NON DECEDUTO;Non accertato;Inesistente
1898038;16;27/12/2011 19:00;Strada Urbana;VIA BALDASSARRE LONGHENA;in prossimità;;del civico n. ;4;;Veicolo in marcia contro veicolo fermo;Rettilineo;Una carreggiata a doppio senso;Asciutto;Asfaltata;Verticale ed orizzontale;Sereno;Normale;Sufficiente;Sufficiente;0;0;0;2;;;-1;1;Autovettura privata;In marcia / fermata / arresto;Conducente;M;Illeso;0;;Non accertato;Inesistente
1898038;16;27/12/2011 19:00;Strada Urbana;VIA BALDASSARRE LONGHENA;in prossimità;;del civico n. ;4;;Veicolo in marcia contro veicolo fermo;Rettilineo;Una carreggiata a doppio senso;Asciutto;Asfaltata;Verticale ed orizzontale;Sereno;Normale;Sufficiente;Sufficiente;0;0;0;2;;;-1;2;Autovettura privata;In marcia / fermata / arresto;Conducente;M;Illeso;0;;Non accertato;Inesistente
1898039;19;28/12/2011 16:15;Strada Urbana;VIA COGOLETO;in corrispondenza;;del civico n. ;85;;Scontro frontale/laterale DX fra veicoli in marcia;Rettilineo;Una carreggiata a doppio senso;Asciutto;Asfaltata;Verticale ed orizzontale;Sereno;Normale;Buona;Ore Diurne;1;0;0;1;;;-1;1;Autovettura privata;In marcia / fermata / arresto;Conducente;F;Illeso;0;;Non accertato;Inesploso
1898039;19;28/12/2011 16:15;Strada Urbana;VIA COGOLETO;in corrispondenza;;del civico n. ;85;;Scontro frontale/laterale DX fra veicoli in marcia;Rettilineo;Una carreggiata a doppio senso;Asciutto;Asfaltata;Verticale ed orizzontale;Sereno;Normale;Buona;Ore Diurne;1;0;0;1;;;-1;2;Motociclo a solo;In marcia / fermata / arresto;Conducente;M;Rimandato;0;NON DECEDUTO;Non accertato;Inesistente
1898040;2;28/12/2011 19:15;Strada Urbana;VIA DEL FORO ITALICO;da specificare;;;;direzione S.Giovanni fronte distributore Total;Tamponamento;Rettilineo;Due carreggiate;Asciutto;Asfaltata;Assente;Sereno;Intenso;Buona;Sufficiente;1;0;0;1;;;-1;1;Autovettura privata;In marcia / fermata / arresto;Conducente;M;Illeso;0;;Non accertato;Inesistente
1898040;2;28/12/2011 19:15;Strada Urbana;VIA DEL FORO ITALICO;da specificare;;;;direzione S.Giovanni fronte distributore Total;Tamponamento;Rettilineo;Due carreggiate;Asciutto;Asfaltata;Assente;Sereno;Intenso;Buona;Sufficiente;1;0;0;1;;;-1;2;Motociclo a solo;In marcia / fermata / arresto;Conducente;M;Rimandato;0;NON DECEDUTO;Non accertato;Inesistente
1898041;12;28/12/2011 14:20;Strada Urbana;VIA DEL PONTE DI PISCINA CUPA;da specificare;;;;fronte civico 33;Scontro laterale fra veicoli in marcia;Rettilineo;Una carreggiata a doppio senso;Asciutto;Asfaltata;Verticale ed orizzontale;Sereno;Scarso;Buona;Ore Diurne;0;0;0;5;;;-1;1;Autovettura privata;In marcia / fermata / arresto;Conducente;M;Illeso;0;;Utilizzato;Inesploso
1898041;12;28/12/2011 14:20;Strada Urbana;VIA DEL PONTE DI PISCINA CUPA;da specificare;;;;fronte civico 33;Scontro laterale fra veicoli in marcia;Rettilineo;Una carreggiata a doppio senso;Asciutto;Asfaltata;Verticale ed orizzontale;Sereno;Scarso;Buona;Ore Diurne;0;0;0;5;;;-1;1;Autovettura privata;In marcia / fermata / arresto;Passeggero;F;Illeso;0;;Utilizzato;Inesploso
1898041;12;28/12/2011 14:20;Strada Urbana;VIA DEL PONTE DI PISCINA CUPA;da specificare;;;;fronte civico 33;Scontro laterale fra veicoli in marcia;Rettilineo;Una carreggiata a doppio senso;Asciutto;Asfaltata;Verticale ed orizzontale;Sereno;Scarso;Buona;Ore Diurne;0;0;0;5;;;-1;1;Autovettura privata;In marcia / fermata / arresto;Passeggero;M;Illeso;0;;Utilizzato;Inesploso
1898041;12;28/12/2011 14:20;Strada Urbana;VIA DEL PONTE DI PISCINA CUPA;da specificare;;;;fronte civico 33;Scontro laterale fra veicoli in marcia;Rettilineo;Una carreggiata a doppio senso;Asciutto;Asfaltata;Verticale ed orizzontale;Sereno;Scarso;Buona;Ore Diurne;0;0;0;5;;;-1;1;Autovettura privata;In marcia / fermata / arresto;Passeggero;F;Illeso;0;;Utilizzato;Inesploso
1898041;12;28/12/2011 14:20;Strada Urbana;VIA DEL PONTE DI PISCINA CUPA;da specificare;;;;fronte civico 33;Scontro laterale fra veicoli in marcia;Rettilineo;Una carreggiata a doppio senso;Asciutto;Asfaltata;Verticale ed orizzontale;Sereno;Scarso;Buona;Ore Diurne;0;0;0;5;;;-1;2;Autoarticolato;In marcia / fermata / arresto;Conducente;M;Illeso;0;;Utilizzato;Inesploso
1898042;19;28/12/2011 21:40;Strada Urbana;VIALE ESPERIA SPERANI;all'intersezione con;VIA VIVI GIOI;VIA VIVI GIOI;;;Scontro frontale/laterale DX fra veicoli in marcia;Incrocio;Una carreggiata a doppio senso;Asciutto;Asfaltata;Verticale ed orizzontale;Sereno;Scarso;Sufficiente;Sufficiente;1;0;0;1;;;-1;1;Autovettura privata;In marcia / fermata / arresto;Conducente;F;Rimandato;0;NON DECEDUTO;Non accertato;Inesistente
1898042;19;28/12/2011 21:40;Strada Urbana;VIALE ESPERIA SPERANI;all'intersezione con;VIA VIVI GIOI;VIA VIVI GIOI;;;Scontro frontale/laterale DX fra veicoli in marcia;Incrocio;Una carreggiata a doppio senso;Asciutto;Asfaltata;Verticale ed orizzontale;Sereno;Scarso;Sufficiente;Sufficiente;1;0;0;1;;;-1;2;Autovettura privata;In marcia / fermata / arresto;Conducente;M;Illeso;0;;Non accertato;Inesistente
1898043;2;28/12/2011 23:25;Strada Urbana;VIA CHISIMAIO;in corrispondenza;;del civico n. ;24;;Veicolo in marcia contro veicoli in sosta;Rettilineo;Una carreggiata a senso unico di marcia;Asciutto;Asfaltata;Verticale ed orizzontale;Sereno;Scarso;Buona;Sufficiente;0;0;0;1;;;-1;1;Motociclo a solo;In marcia / fermata / arresto;Conducente;M;Illeso;0;;Non accertato;Inesistente
1898044;5;28/12/2011 12:15;Strada Urbana;VIA TIBURTINA;in prossimità;;del civico n. ;362;;Investimento di pedone;Rettilineo;Più di due carreggiate;Asciutto;Asfaltata;Orizzontale;Sereno;Intenso;Buona;Ore Diurne;1;0;0;1;;;-1;;;;Pedone;F;Rimandato;0;NON DECEDUTO;;
1898044;5;28/12/2011 12:15;Strada Urbana;VIA TIBURTINA;in prossimità;;del civico n. ;362;;Investimento di pedone;Rettilineo;Più di due carreggiate;Asciutto;Asfaltata;Orizzontale;Sereno;Intenso;Buona;Ore Diurne;1;0;0;1;;;-1;1;Motociclo a solo;In marcia / fermata / arresto;Conducente;M;Illeso;0;;Non accertato;Inesistente
1898045;12;28/12/2011 19:40;Strada Urbana;VIA CRISTOFORO COLOMBO;da specificare;;;;direzione Ostia alt. palo Acea n. 584;Tamponamento Multiplo;Rettilineo;Due carreggiate;Asciutto;Asfaltata;Verticale ed orizzontale;Sereno;Normale;Buona;Sufficiente;0;0;0;6;;;-1;1;Autovettura privata;In marcia / fermata / arresto;Conducente;F;Illeso;0;;Utilizzato;Inesploso
1898045;12;28/12/2011 19:40;Strada Urbana;VIA CRISTOFORO COLOMBO;da specificare;;;;direzione Ostia alt. palo Acea n. 584;Tamponamento Multiplo;Rettilineo;Due carreggiate;Asciutto;Asfaltata;Verticale ed orizzontale;Sereno;Normale;Buona;Sufficiente;0;0;0;6;;;-1;1;Autovettura privata;In marcia / fermata / arresto;Passeggero;M;Illeso;0;;Utilizzato;Inesploso
1898045;12;28/12/2011 19:40;Strada Urbana;VIA CRISTOFORO COLOMBO;da specificare;;;;direzione Ostia alt. palo Acea n. 584;Tamponamento Multiplo;Rettilineo;Due carreggiate;Asciutto;Asfaltata;Verticale ed orizzontale;Sereno;Normale;Buona;Sufficiente;0;0;0;6;;;-1;2;Autovettura privata;In marcia / fermata / arresto;Conducente;M;Illeso;0;;Utilizzato;Inesploso
1898045;12;28/12/2011 19:40;Strada Urbana;VIA CRISTOFORO COLOMBO;da specificare;;;;direzione Ostia alt. palo Acea n. 584;Tamponamento Multiplo;Rettilineo;Due carreggiate;Asciutto;Asfaltata;Verticale ed orizzontale;Sereno;Normale;Buona;Sufficiente;0;0;0;6;;;-1;2;Autovettura privata;In marcia / fermata / arresto;Passeggero;F;Illeso;0;;Utilizzato;Inesploso
1898045;12;28/12/2011 19:40;Strada Urbana;VIA CRISTOFORO COLOMBO;da specificare;;;;direzione Ostia alt. palo Acea n. 584;Tamponamento Multiplo;Rettilineo;Due carreggiate;Asciutto;Asfaltata;Verticale ed orizzontale;Sereno;Normale;Buona;Sufficiente;0;0;0;6;;;-1;3;Autovettura privata;In marcia / fermata / arresto;Conducente;M;Illeso;0;;Utilizzato;Inesploso
1898045;12;28/12/2011 19:40;Strada Urbana;VIA CRISTOFORO COLOMBO;da specificare;;;;direzione Ostia alt. palo Acea n. 584;Tamponamento Multiplo;Rettilineo;Due carreggiate;Asciutto;Asfaltata;Verticale ed orizzontale;Sereno;Normale;Buona;Sufficiente;0;0;0;6;;;-1;3;Autovettura privata;In marcia / fermata / arresto;Passeggero;F;Illeso;0;;Utilizzato;Inesploso
1898046;5;28/12/2011 12:30;Strada Urbana;VIA DEI MONTI TIBURTINI;in corrispondenza;;del civico n. ;488/490;;Veicolo in marcia contro veicolo fermo;Rettilineo;Due carreggiate;Asciutto;Asfaltata;Verticale ed orizzontale;Sereno;Normale;Buona;Ore Diurne;0;0;0;4;;;-1;1;Autovettura privata;In marcia / fermata / arresto;Conducente;M;Illeso;0;;Non accertato;Inesistente
1898046;5;28/12/2011 12:30;Strada Urbana;VIA DEI MONTI TIBURTINI;in corrispondenza;;del civico n. ;488/490;;Veicolo in marcia contro veicolo fermo;Rettilineo;Due carreggiate;Asciutto;Asfaltata;Verticale ed orizzontale;Sereno;Normale;Buona;Ore Diurne;0;0;0;4;;;-1;2;Autovettura privata;Sosta;Passeggero;F;Illeso;0;;Non accertato;Inesistente
1898046;5;28/12/2011 12:30;Strada Urbana;VIA DEI MONTI TIBURTINI;in corrispondenza;;del civico n. ;488/490;;Veicolo in marcia contro veicolo fermo;Rettilineo;Due carreggiate;Asciutto;Asfaltata;Verticale ed orizzontale;Sereno;Normale;Buona;Ore Diurne;0;0;0;4;;;-1;2;Autovettura privata;Sosta;Passeggero;M;Illeso;0;;Non accertato;Inesistente
1898046;5;28/12/2011 12:30;Strada Urbana;VIA DEI MONTI TIBURTINI;in corrispondenza;;del civico n. ;488/490;;Veicolo in marcia contro veicolo fermo;Rettilineo;Due carreggiate;Asciutto;Asfaltata;Verticale ed orizzontale;Sereno;Normale;Buona;Ore Diurne;0;0;0;4;;;-1;2;Autovettura privata;Sosta;Passeggero;F;Illeso;0;;Non accertato;Inesistente
1898047;15;28/12/2011 19:25;Strada Urbana;VIA PORTUENSE;in prossimità;;del civico n. ;556;;Tamponamento Multiplo;Curva a visuale libera;Una carreggiata a doppio senso;Asciutto;Asfaltata;Orizzontale;Sereno;Normale;Buona;Sufficiente;1;0;0;4;;;-1;1;Autovettura privata;In marcia / fermata / arresto;Conducente;M;Illeso;0;;Utilizzato;Inesploso
1898047;15;28/12/2011 19:25;Strada Urbana;VIA PORTUENSE;in prossimità;;del civico n. ;556;;Tamponamento Multiplo;Curva a visuale libera;Una carreggiata a doppio senso;Asciutto;Asfaltata;Orizzontale;Sereno;Normale;Buona;Sufficiente;1;0;0;4;;;-1;1;Autovettura privata;In marcia / fermata / arresto;Passeggero;M;Illeso;0;;Utilizzato;Inesploso
1898047;15;28/12/2011 19:25;Strada Urbana;VIA PORTUENSE;in prossimità;;del civico n. ;556;;Tamponamento Multiplo;Curva a visuale libera;Una carreggiata a doppio senso;Asciutto;Asfaltata;Orizzontale;Sereno;Normale;Buona;Sufficiente;1;0;0;4;;;-1;2;Autovettura privata;In marcia / fermata / arresto;Conducente;M;Illeso;0;;Utilizzato;Inesploso
1898047;15;28/12/2011 19:25;Strada Urbana;VIA PORTUENSE;in prossimità;;del civico n. ;556;;Tamponamento Multiplo;Curva a visuale libera;Una carreggiata a doppio senso;Asciutto;Asfaltata;Orizzontale;Sereno;Normale;Buona;Sufficiente;1;0;0;4;;;-1;2;Autovettura privata;In marcia / fermata / arresto;Passeggero;F;Illeso;0;;Utilizzato;Inesploso
1898047;15;28/12/2011 19:25;Strada Urbana;VIA PORTUENSE;in prossimità;;del civico n. ;556;;Tamponamento Multiplo;Curva a visuale libera;Una carreggiata a doppio senso;Asciutto;Asfaltata;Orizzontale;Sereno;Normale;Buona;Sufficiente;1;0;0;4;;;-1;3;Autovettura privata;In marcia / fermata / arresto;Conducente;F;Rimandato;0;NON DECEDUTO;Utilizzato;Inesploso
1898048;5;28/12/2011 13:25;Strada Urbana;VIALE SACCO E VANZETTI;da specificare;;;;FRONTE CIVICO 62;Veicolo in marcia contro veicolo in sosta;Rettilineo;Due carreggiate;Asciutto;Asfaltata;Verticale ed orizzontale;Sereno;Normale;Buona;Ore Diurne;0;0;0;3;;;-1;1;Autovettura privata;In marcia / fermata / arresto;Passeggero;F;Illeso;0;;Non accertato;Inesistente
1898048;5;28/12/2011 13:25;Strada Urbana;VIALE SACCO E VANZETTI;da specificare;;;;FRONTE CIVICO 62;Veicolo in marcia contro veicolo in sosta;Rettilineo;Due carreggiate;Asciutto;Asfaltata;Verticale ed orizzontale;Sereno;Normale;Buona;Ore Diurne;0;0;0;3;;;-1;1;Autovettura privata;In marcia / fermata / arresto;Conducente;F;Illeso;0;;Non accertato;Inesistente
1898048;5;28/12/2011 13:25;Strada Urbana;VIALE SACCO E VANZETTI;da specificare;;;;FRONTE CIVICO 62;Veicolo in marcia contro veicolo in sosta;Rettilineo;Due carreggiate;Asciutto;Asfaltata;Verticale ed orizzontale;Sereno;Normale;Buona;Ore Diurne;0;0;0;3;;;-1;2;Motociclo a solo;In marcia / fermata / arresto;Conducente;M;Illeso;0;;Non accertato;Inesistente
1898049;8;28/12/2011 09:20;Strada Urbana;VIALE DELLA SORBONA;all'intersezione con;VIA COLUMBIA;VIA COLUMBIA;;;Scontro laterale fra veicoli in marcia;Rotatoria;Due carreggiate;Asciutto;Asfaltata;Verticale ed orizzontale;Sereno;Normale;Buona;Ore Diurne;0;0;0;3;;;-1;1;Autovettura privata;In marcia / fermata / arresto;Conducente;F;Illeso;0;;Non accertato;Inesploso
1898049;8;28/12/2011 09:20;Strada Urbana;VIALE DELLA SORBONA;all'intersezione con;VIA COLUMBIA;VIA COLUMBIA;;;Scontro laterale fra veicoli in marcia;Rotatoria;Due carreggiate;Asciutto;Asfaltata;Verticale ed orizzontale;Sereno;Normale;Buona;Ore Diurne;0;0;0;3;;;-1;1;Autovettura privata;In marcia / fermata / arresto;Passeggero;F;Illeso;0;;Non accertato;Inesploso
1898049;8;28/12/2011 09:20;Strada Urbana;VIALE DELLA SORBONA;all'intersezione con;VIA COLUMBIA;VIA COLUMBIA;;;Scontro laterale fra veicoli in marcia;Rotatoria;Due carreggiate;Asciutto;Asfaltata;Verticale ed orizzontale;Sereno;Normale;Buona;Ore Diurne;0;0;0;3;;;-1;2;Autovettura privata;In marcia / fermata / arresto;Conducente;F;Illeso;0;;Non accertato;Inesploso
1898050;8;28/12/2011 13:00;Statale entro l'abitato;VIA GRAMMICHELE;all'intersezione con;VIA CASILINA;VIA CASILINA;;;Investimento di pedone;Incrocio;Una carreggiata a doppio senso;Asciutto;Asfaltata;Orizzontale;Sereno;Scarso;Buona;Ore Diurne;1;0;0;2;;;-1;;;;Pedone;F;Illeso;0;;;
1898050;8;28/12/2011 13:00;Statale entro l'abitato;VIA GRAMMICHELE;all'intersezione con;VIA CASILINA;VIA CASILINA;;;Investimento di pedone;Incrocio;Una carreggiata a doppio senso;Asciutto;Asfaltata;Orizzontale;Sereno;Scarso;Buona;Ore Diurne;1;0;0;2;;;-1;;;;Pedone;F;Rimandato;0;NON DECEDUTO;;
1898050;8;28/12/2011 13:00;Statale entro l'abitato;VIA GRAMMICHELE;all'intersezione con;VIA CASILINA;VIA CASILINA;;;Investimento di pedone;Incrocio;Una carreggiata a doppio senso;Asciutto;Asfaltata;Orizzontale;Sereno;Scarso;Buona;Ore Diurne;1;0;0;2;;;-1;1;Autovettura privata;In marcia / fermata / arresto;Conducente;F;Illeso;0;;Non accertato;Inesistente